{"cameraMode":{"drawMode":0,"name":"Shaded","section":"Shading Mode"},"sceneLighting":true,"audioPlay":false,"sceneViewState":{"showFog":true,"showMaterialUpdate":false,"showSkybox":true,"showFlares":true,"showImageEffects":true,"showParticleSystems":true},"in2DMode":false,"pivot":{"x":-0.2280000001192093,"y":0.17100000381469727,"z":0.0},"rotation":{"x":-0.27219510078430178,"y":0.3159773051738739,"z":-0.09515254199504852,"w":-0.9038897156715393},"size":2.9259300231933595,"orthographic":true}