{"cameraMode":{"drawMode":0,"name":"Shaded","section":"Shading Mode"},"sceneLighting":false,"audioPlay":false,"sceneViewState":{"showFog":true,"showMaterialUpdate":false,"showSkybox":false,"showFlares":true,"showImageEffects":true,"showParticleSystems":true},"in2DMode":false,"pivot":{"x":0.057617202401161197,"y":0.5318397283554077,"z":-0.1609344482421875},"rotation":{"x":-0.053379230201244357,"y":-0.6998106837272644,"z":-0.05258442834019661,"w":0.7103875279426575},"size":1.9572114944458008,"orthographic":true}