{"cameraMode":{"drawMode":0,"name":"Shaded","section":"Shading Mode"},"sceneLighting":false,"audioPlay":false,"sceneViewState":{"showFog":true,"showMaterialUpdate":false,"showSkybox":false,"showFlares":true,"showImageEffects":true,"showParticleSystems":true},"in2DMode":false,"pivot":{"x":0.0010930001735687256,"y":0.03387853875756264,"z":0.0},"rotation":{"x":-0.15203769505023957,"y":0.7698774933815002,"z":-0.1994544267654419,"w":-0.5868508815765381},"size":0.16525185108184815,"orthographic":true}