{"cameraMode":{"drawMode":0,"name":"Shaded","section":"Shading Mode"},"sceneLighting":true,"audioPlay":false,"sceneViewState":{"showFog":true,"showMaterialUpdate":false,"showSkybox":true,"showFlares":true,"showImageEffects":true,"showParticleSystems":true},"in2DMode":false,"pivot":{"x":0.18962380290031434,"y":0.046628937125205997,"z":0.0},"rotation":{"x":-0.02370959147810936,"y":0.9168574810028076,"z":-0.3946855068206787,"w":-0.05507756769657135},"size":1.0442254543304444,"orthographic":true}