{"cameraMode":{"drawMode":0,"name":"Shaded","section":"Shading Mode"},"sceneLighting":false,"audioPlay":false,"sceneViewState":{"showFog":true,"showMaterialUpdate":false,"showSkybox":false,"showFlares":true,"showImageEffects":true,"showParticleSystems":true},"in2DMode":false,"pivot":{"x":-0.021926727145910264,"y":-0.005958973430097103,"z":1.1139014959335328},"rotation":{"x":-0.1647716760635376,"y":0.8277485966682434,"z":-0.3132782280445099,"w":-0.435362309217453},"size":0.12752434611320496,"orthographic":false}