{"cameraMode":{"drawMode":0,"name":"Shaded","section":"Shading Mode"},"sceneLighting":false,"audioPlay":false,"sceneViewState":{"showFog":true,"showMaterialUpdate":false,"showSkybox":false,"showFlares":true,"showImageEffects":true,"showParticleSystems":true},"in2DMode":false,"pivot":{"x":0.5927975177764893,"y":0.101304791867733,"z":-5.21540641784668e-8},"rotation":{"x":-0.15203769505023957,"y":0.7698774933815002,"z":-0.1994544267654419,"w":-0.5868508815765381},"size":0.4539966881275177,"orthographic":true}