{"cameraMode":{"drawMode":0,"name":"Shaded","section":"Shading Mode"},"sceneLighting":true,"audioPlay":false,"sceneViewState":{"showFog":true,"showMaterialUpdate":false,"showSkybox":true,"showFlares":true,"showImageEffects":true,"showParticleSystems":true},"in2DMode":false,"pivot":{"x":-0.18927001953125,"y":-0.001708984375,"z":-0.0799560546875},"rotation":{"x":-0.1355494260787964,"y":0.1688394844532013,"z":-0.02344859391450882,"w":-0.9759984612464905},"size":1.1651581525802613,"orthographic":true}